number,outcome,OS,survival time,event,event time,tvt
53-7,DOD,1,43.57377049,1,6.098360656,0
2-3,DOD,1,3.967213115,,,0
11-1,DOD,1,16.55737705,1,16.39344262,0
13-1,DOD,1,25.37704918,1,12.49180328,0
14-4,DOD,1,11.67213115,1,1.31147541,1
21-7,DOD,1,18.16393443,1,3.573770492,0
112-1-6,DOD,1,8.06557377,,,1
113-1,DOD,1,34.09836066,1,20.36065574,1
121-2,DOD,1,25.96721311,,,1
122-7,DOD,1,35.27868852,1,17.63934426,0