number,outcome,OS,survival time,event,event time,tvt
57-10,DOD,1,20.68852459,1,3.508196721,0
59-19,DOD,1,1.901639344,na,,1
60-8,DOD,1,36.6557377,1,13.18032787,1
51-1,DOD,1,5.180327869,1,3.737704918,0
53-7,DOD,1,43.57377049,1,6.098360656,1
55-12,DOD,1,38.78688525,1,2.491803279,0
21-6,DOD,1,18.16393443,1,3.573770492,1
113-21,DOD,1,34.09836066,1,20.36065574,0
122-9,DOD,1,35.27868852,1,17.63934426,0