number,outcome,OS,survival time,event,event time,tvt
58-7,AWD,0,16.55737705,1,6.459016393,0
51-1,DOD,1,5.180327869,1,3.737704918,0
